#node1	node2	node1_string_id	node2_string_id	neighborhood_on_chromosome	gene_fusion	phylogenetic_cooccurrence	homology	coexpression	experimentally_determined_interaction	database_annotated	automated_textmining	combined_score
APOA2	APOE	9606.ENSP00000356969	9606.ENSP00000252486	0	0	0	0	0.104	0.431	0.800	0	0.889
APOA2	LCAT	9606.ENSP00000356969	9606.ENSP00000264005	0	0	0	0	0.107	0.287	0.720	0	0.806
APOA2	CLU	9606.ENSP00000356969	9606.ENSP00000315130	0	0	0	0	0.042	0	0.720	0	0.720
APOA2	APOL1	9606.ENSP00000356969	9606.ENSP00000317674	0	0	0	0	0	0	0.720	0	0.720
APOA2	APOD	9606.ENSP00000356969	9606.ENSP00000345179	0	0	0	0	0.067	0.509	0	0	0.522
APOA2	LDLR	9606.ENSP00000356969	9606.ENSP00000454071	0	0	0	0	0.054	0	0.540	0	0.546
APOA2	SAA2-SAA4	9606.ENSP00000356969	9606.ENSP00000485552	0	0	0	0	0	0	0.540	0	0.540
APOA2	PCYOX1	9606.ENSP00000356969	9606.ENSP00000387654	0	0	0	0	0	0.162	0.720	0	0.755
APOA2	HPR	9606.ENSP00000356969	9606.ENSP00000441828	0	0	0	0	0.205	0.091	0.720	0	0.780
APOA2	APOC4	9606.ENSP00000356969	9606.ENSP00000468236	0	0	0	0	0.327	0	0.720	0	0.803
APOA2	APOC1	9606.ENSP00000356969	9606.ENSP00000465356	0	0	0	0	0.334	0	0.720	0	0.805
APOA2	APOC2	9606.ENSP00000356969	9606.ENSP00000466775	0	0	0	0	0.236	0.613	0.800	0	0.935
APOC1	APOE	9606.ENSP00000465356	9606.ENSP00000252486	0	0	0	0	0.816	0	0.720	0	0.946
APOC1	LCAT	9606.ENSP00000465356	9606.ENSP00000264005	0	0	0	0	0.123	0	0.900	0	0.908
APOC1	CLU	9606.ENSP00000465356	9606.ENSP00000315130	0	0	0	0	0.044	0	0.720	0	0.720
APOC1	APOL1	9606.ENSP00000465356	9606.ENSP00000317674	0	0	0	0	0	0	0.720	0	0.720
APOC1	PCYOX1	9606.ENSP00000465356	9606.ENSP00000387654	0	0	0	0	0	0	0.720	0	0.720
APOC1	HPR	9606.ENSP00000465356	9606.ENSP00000441828	0	0	0	0	0.342	0	0.720	0	0.807
APOC1	LDLR	9606.ENSP00000465356	9606.ENSP00000454071	0	0	0	0	0	0	0.540	0	0.540
APOC1	SAA2-SAA4	9606.ENSP00000465356	9606.ENSP00000485552	0	0	0	0	0	0	0.540	0	0.540
APOC1	APOC4	9606.ENSP00000465356	9606.ENSP00000468236	0	0	0	0	0.254	0	0.800	0	0.844
APOC1	APOC2	9606.ENSP00000465356	9606.ENSP00000466775	0	0	0	0	0.280	0	0.900	0	0.925
APOC2	APOE	9606.ENSP00000466775	9606.ENSP00000252486	0	0	0	0	0.139	0.564	0.800	0	0.918
APOC2	LCAT	9606.ENSP00000466775	9606.ENSP00000264005	0	0	0	0	0.042	0	0.720	0	0.720
APOC2	CLU	9606.ENSP00000466775	9606.ENSP00000315130	0	0	0	0	0	0	0.720	0	0.720
APOC2	APOL1	9606.ENSP00000466775	9606.ENSP00000317674	0	0	0	0	0	0	0.720	0	0.720
APOC2	PCYOX1	9606.ENSP00000466775	9606.ENSP00000387654	0	0	0	0	0	0	0.720	0	0.720
APOC2	HPR	9606.ENSP00000466775	9606.ENSP00000441828	0	0	0	0	0.139	0	0.720	0	0.748
APOC2	LDLR	9606.ENSP00000466775	9606.ENSP00000454071	0	0	0	0	0.042	0	0.540	0	0.540
APOC2	SAA2-SAA4	9606.ENSP00000466775	9606.ENSP00000485552	0	0	0	0	0	0	0.540	0	0.540
APOC2	APOC4	9606.ENSP00000466775	9606.ENSP00000468236	0	0	0	0	0.162	0	0.720	0	0.755
APOC4	APOE	9606.ENSP00000468236	9606.ENSP00000252486	0	0	0	0	0.120	0	0.720	0	0.743
APOC4	LCAT	9606.ENSP00000468236	9606.ENSP00000264005	0	0	0	0	0.108	0	0.720	0	0.739
APOC4	CLU	9606.ENSP00000468236	9606.ENSP00000315130	0	0	0	0	0	0	0.720	0	0.720
APOC4	APOL1	9606.ENSP00000468236	9606.ENSP00000317674	0	0	0	0	0	0	0.720	0	0.720
APOC4	PCYOX1	9606.ENSP00000468236	9606.ENSP00000387654	0	0	0	0	0	0	0.720	0	0.720
APOC4	HPR	9606.ENSP00000468236	9606.ENSP00000441828	0	0	0	0	0.123	0	0.720	0	0.744
APOC4	LDLR	9606.ENSP00000468236	9606.ENSP00000454071	0	0	0	0	0	0	0.540	0	0.540
APOC4	SAA2-SAA4	9606.ENSP00000468236	9606.ENSP00000485552	0	0	0	0	0.087	0	0.540	0	0.562
APOE	SEMG1	9606.ENSP00000252486	9606.ENSP00000361867	0	0	0	0	0	0	0.500	0	0.499
APOE	SAA2-SAA4	9606.ENSP00000252486	9606.ENSP00000485552	0	0	0	0	0	0	0.540	0	0.540
APOE	PCYOX1	9606.ENSP00000252486	9606.ENSP00000387654	0	0	0	0	0	0.077	0.720	0	0.730
APOE	HPR	9606.ENSP00000252486	9606.ENSP00000441828	0	0	0	0	0.104	0	0.720	0	0.738
APOE	LDLR	9606.ENSP00000252486	9606.ENSP00000454071	0	0	0	0	0	0.617	0.540	0	0.816
APOE	LCAT	9606.ENSP00000252486	9606.ENSP00000264005	0	0	0	0	0.042	0.292	0.720	0	0.793
APOE	APOL1	9606.ENSP00000252486	9606.ENSP00000317674	0	0	0	0	0.042	0	0.720	0	0.720
APOE	CLU	9606.ENSP00000252486	9606.ENSP00000315130	0	0	0	0	0.241	0	0.720	0	0.778
APOL1	LCAT	9606.ENSP00000317674	9606.ENSP00000264005	0	0	0	0	0.047	0	0.720	0	0.721
APOL1	CLU	9606.ENSP00000317674	9606.ENSP00000315130	0	0	0	0	0.064	0	0.720	0	0.726
APOL1	LDLR	9606.ENSP00000317674	9606.ENSP00000454071	0	0	0	0	0	0	0.540	0	0.540
APOL1	SAA2-SAA4	9606.ENSP00000317674	9606.ENSP00000485552	0	0	0	0	0	0	0.540	0	0.540
APOL1	PCYOX1	9606.ENSP00000317674	9606.ENSP00000387654	0	0	0	0	0	0	0.720	0	0.720
APOL1	IGLL5	9606.ENSP00000317674	9606.ENSP00000431254	0	0	0	0	0.070	0.900	0	0	0.903
APOL1	HPR	9606.ENSP00000317674	9606.ENSP00000441828	0	0	0	0	0.054	0	0.720	0	0.723
C1QC	FCN3	9606.ENSP00000363770	9606.ENSP00000270879	0	0	0	0	0.168	0	0.400	0	0.479
C1QC	FCN2	9606.ENSP00000363770	9606.ENSP00000291744	0	0	0	0.607	0.160	0	0.400	0	0.474
C1QC	MASP1	9606.ENSP00000363770	9606.ENSP00000296280	0	0	0	0	0.063	0	0.400	0	0.413
C1QC	C2	9606.ENSP00000363770	9606.ENSP00000299367	0	0	0	0	0.262	0	0.900	0	0.923
C1QC	COLEC10	9606.ENSP00000363770	9606.ENSP00000332723	0	0	0.218	0.611	0	0	0.400	0	0.510
C1QC	FCN1	9606.ENSP00000363770	9606.ENSP00000360871	0	0	0	0.613	0.172	0	0.400	0	0.482
C1QC	MBL2	9606.ENSP00000363770	9606.ENSP00000363079	0	0	0	0.620	0	0	0.400	0	0.400
C1QC	IGKV2D-28	9606.ENSP00000363770	9606.ENSP00000452662	0	0	0	0	0	0	0.400	0	0.400
C1QC	IGHV3-11	9606.ENSP00000363770	9606.ENSP00000474135	0	0	0	0	0	0.045	0.400	0	0.402
C1QC	IGKV1D-33	9606.ENSP00000363770	9606.ENSP00000482678	0	0	0	0	0	0.125	0.400	0	0.452
C1QC	IGKV2D-40	9606.ENSP00000363770	9606.ENSP00000452747	0	0	0	0	0	0.125	0.400	0	0.452
C1QC	IGKV1-33	9606.ENSP00000363770	9606.ENSP00000479032	0	0	0	0	0	0.125	0.400	0	0.452
C1QC	MASP2	9606.ENSP00000363770	9606.ENSP00000383690	0	0	0	0	0.063	0	0.400	0	0.413
C1QC	COLEC11	9606.ENSP00000363770	9606.ENSP00000411770	0	0	0.451	0	0	0	0.400	0	0.656
C1QC	LOC102723407	9606.ENSP00000363770	9606.ENSP00000478289	0	0	0	0	0	0.045	0.900	0	0.900
C1QC	C4B	9606.ENSP00000363770	9606.ENSP00000415941	0	0	0	0	0.169	0	0.900	0	0.913
C1QC	C4A	9606.ENSP00000363770	9606.ENSP00000396688	0	0	0	0	0.167	0	0.900	0	0.913
C2	C4BPB	9606.ENSP00000299367	9606.ENSP00000243611	0	0	0	0.642	0.095	0.046	0.500	0	0.530
C2	FCN3	9606.ENSP00000299367	9606.ENSP00000270879	0	0	0	0	0.092	0	0.400	0	0.432
C2	FCN2	9606.ENSP00000299367	9606.ENSP00000291744	0	0	0	0	0.068	0	0.400	0	0.416
C2	MASP1	9606.ENSP00000299367	9606.ENSP00000296280	0	0	0	0.551	0.095	0	0.400	0	0.433
C2	IGKV2D-28	9606.ENSP00000299367	9606.ENSP00000452662	0	0	0	0	0	0	0.400	0	0.400
C2	IGKV2D-40	9606.ENSP00000299367	9606.ENSP00000452747	0	0	0	0	0	0.151	0.400	0	0.468
C2	IGKV1D-33	9606.ENSP00000299367	9606.ENSP00000482678	0	0	0	0	0	0.151	0.400	0	0.468
C2	IGHV3-11	9606.ENSP00000299367	9606.ENSP00000474135	0	0	0	0	0	0.163	0.400	0	0.476
C2	COLEC10	9606.ENSP00000299367	9606.ENSP00000332723	0	0	0	0	0.057	0.046	0.400	0	0.413
C2	COLEC11	9606.ENSP00000299367	9606.ENSP00000411770	0	0	0	0	0.060	0.046	0.400	0	0.415
C2	IGKV1-33	9606.ENSP00000299367	9606.ENSP00000479032	0	0	0	0	0	0.151	0.400	0	0.468
C2	FCN1	9606.ENSP00000299367	9606.ENSP00000360871	0	0	0	0	0.093	0	0.400	0	0.432
C2	CFI	9606.ENSP00000299367	9606.ENSP00000378131	0	0	0	0	0.177	0	0.500	0	0.571
C2	MASP2	9606.ENSP00000299367	9606.ENSP00000383690	0	0	0	0.558	0.103	0	0.900	0	0.906
C2	MBL2	9606.ENSP00000299367	9606.ENSP00000363079	0	0	0	0	0.116	0.046	0.900	0	0.908
C2	C4A	9606.ENSP00000299367	9606.ENSP00000396688	0	0	0	0	0.131	0.126	0.800	0	0.835
C2	C4B	9606.ENSP00000299367	9606.ENSP00000415941	0	0	0	0	0.127	0.553	0.800	0	0.915
C4A	C4BPB	9606.ENSP00000396688	9606.ENSP00000243611	0	0	0	0	0.067	0	0.900	0	0.902
C4A	FCN3	9606.ENSP00000396688	9606.ENSP00000270879	0	0	0	0	0.087	0	0.400	0	0.429
C4A	FCN2	9606.ENSP00000396688	9606.ENSP00000291744	0	0	0	0	0.059	0	0.400	0	0.411
C4A	MASP1	9606.ENSP00000396688	9606.ENSP00000296280	0	0	0	0	0.067	0.432	0.400	0	0.655
C4A	COLEC10	9606.ENSP00000396688	9606.ENSP00000332723	0	0	0	0	0.056	0	0.400	0	0.409
C4A	FCN1	9606.ENSP00000396688	9606.ENSP00000360871	0	0	0	0	0.057	0	0.400	0	0.410
C4A	MBL2	9606.ENSP00000396688	9606.ENSP00000363079	0	0	0	0	0.092	0	0.900	0	0.905
C4A	CFI	9606.ENSP00000396688	9606.ENSP00000378131	0	0	0	0	0.149	0.123	0.500	0	0.594
C4A	MASP2	9606.ENSP00000396688	9606.ENSP00000383690	0	0	0	0	0.074	0.828	0.900	0	0.982
C4A	IGHV3-11	9606.ENSP00000396688	9606.ENSP00000474135	0	0	0	0	0	0	0.400	0	0.400
C4A	IGKV2D-40	9606.ENSP00000396688	9606.ENSP00000452747	0	0	0	0	0	0	0.400	0	0.400
C4A	IGKV2D-28	9606.ENSP00000396688	9606.ENSP00000452662	0	0	0	0	0	0	0.400	0	0.400
C4A	IGKV1-33	9606.ENSP00000396688	9606.ENSP00000479032	0	0	0	0	0	0	0.400	0	0.400
C4A	IGKV1D-33	9606.ENSP00000396688	9606.ENSP00000482678	0	0	0	0	0	0	0.400	0	0.400
C4A	COLEC11	9606.ENSP00000396688	9606.ENSP00000411770	0	0	0	0	0.058	0	0.400	0	0.411
C4A	C4B	9606.ENSP00000396688	9606.ENSP00000415941	0	0	0.046	0.988	0.819	0.623	0.900	0	0.992
C4B	C4BPB	9606.ENSP00000415941	9606.ENSP00000243611	0	0	0	0	0.067	0	0.900	0	0.902
C4B	FCN3	9606.ENSP00000415941	9606.ENSP00000270879	0	0	0	0	0.088	0	0.400	0	0.429
C4B	FCN2	9606.ENSP00000415941	9606.ENSP00000291744	0	0	0	0	0.075	0	0.400	0	0.421
C4B	MASP1	9606.ENSP00000415941	9606.ENSP00000296280	0	0	0	0	0.047	0.432	0.400	0	0.647
C4B	COLEC10	9606.ENSP00000415941	9606.ENSP00000332723	0	0	0	0	0.056	0	0.400	0	0.409
C4B	FCN1	9606.ENSP00000415941	9606.ENSP00000360871	0	0	0	0	0.057	0	0.400	0	0.410
C4B	MBL2	9606.ENSP00000415941	9606.ENSP00000363079	0	0	0	0	0.087	0	0.900	0	0.904
C4B	CFI	9606.ENSP00000415941	9606.ENSP00000378131	0	0	0	0	0.108	0.123	0.500	0	0.575
C4B	MASP2	9606.ENSP00000415941	9606.ENSP00000383690	0	0	0	0	0.074	0.662	0.900	0	0.966
C4B	COLEC11	9606.ENSP00000415941	9606.ENSP00000411770	0	0	0	0	0.056	0	0.400	0	0.409
C4B	IGHV3-11	9606.ENSP00000415941	9606.ENSP00000474135	0	0	0	0	0	0	0.400	0	0.400
C4B	IGKV1-33	9606.ENSP00000415941	9606.ENSP00000479032	0	0	0	0	0	0	0.400	0	0.400
C4B	IGKV1D-33	9606.ENSP00000415941	9606.ENSP00000482678	0	0	0	0	0	0	0.400	0	0.400
C4B	IGKV2D-40	9606.ENSP00000415941	9606.ENSP00000452747	0	0	0	0	0	0	0.400	0	0.400
C4B	IGKV2D-28	9606.ENSP00000415941	9606.ENSP00000452662	0	0	0	0	0	0	0.400	0	0.400
C4BPB	CFI	9606.ENSP00000243611	9606.ENSP00000378131	0	0	0	0	0.085	0.046	0.500	0	0.525
C4BPB	PROS1	9606.ENSP00000243611	9606.ENSP00000377783	0	0	0	0	0.047	0.610	0.500	0	0.797
C7	CLU	9606.ENSP00000322061	9606.ENSP00000315130	0	0	0	0	0.149	0.292	0.500	0	0.672
C7	IGLL5	9606.ENSP00000322061	9606.ENSP00000431254	0	0	0	0	0	0.591	0	0	0.591
CD79B	LIME1	9606.ENSP00000376544	9606.ENSP00000309521	0	0	0	0	0.083	0	0.540	0	0.560
CD79B	IGLL1	9606.ENSP00000376544	9606.ENSP00000329312	0	0	0	0	0.177	0.172	0.540	0	0.659
CD79B	IGKV2D-28	9606.ENSP00000376544	9606.ENSP00000452662	0	0	0	0	0	0	0.540	0	0.540
CD79B	IGHV3-72	9606.ENSP00000376544	9606.ENSP00000480035	0	0	0	0	0	0	0.540	0	0.540
CD79B	ENSP00000488802	9606.ENSP00000376544	9606.ENSP00000488802	0	0	0	0	0	0	0.540	0	0.540
CD79B	V9GYV3_HUMAN	9606.ENSP00000376544	9606.ENSP00000477118	0	0	0	0	0	0	0.540	0	0.540
CD79B	IGHV3-16	9606.ENSP00000376544	9606.ENSP00000478725	0	0	0	0	0	0	0.540	0	0.540
CD79B	IGHV3-43D	9606.ENSP00000376544	9606.ENSP00000481152	0	0	0	0	0.055	0	0.540	0	0.546
CD79B	IGHV3-15	9606.ENSP00000376544	9606.ENSP00000479675	0	0	0	0	0.055	0	0.540	0	0.546
CD79B	IGHV1-3	9606.ENSP00000376544	9606.ENSP00000479119	0	0	0	0	0.057	0	0.540	0	0.547
CD79B	IGHV3-11	9606.ENSP00000376544	9606.ENSP00000474135	0	0	0	0	0.055	0	0.540	0	0.546
CD79B	IGKV1-33	9606.ENSP00000376544	9606.ENSP00000479032	0	0	0	0	0.086	0.172	0.540	0	0.621
CD79B	IGKV1D-33	9606.ENSP00000376544	9606.ENSP00000482678	0	0	0	0	0.086	0.172	0.540	0	0.621
CD79B	IGKV2D-29	9606.ENSP00000376544	9606.ENSP00000483567	0	0	0	0	0.086	0.172	0.540	0	0.621
CD79B	IGKV2-40	9606.ENSP00000376544	9606.ENSP00000483585	0	0	0	0	0.086	0.172	0.540	0	0.621
CD79B	IGKV2D-40	9606.ENSP00000376544	9606.ENSP00000452747	0	0	0	0	0.086	0.172	0.540	0	0.621
CD79B	IGLV10-54	9606.ENSP00000376544	9606.ENSP00000491969	0	0	0	0	0.086	0.259	0.540	0	0.661
CD79B	JCHAIN	9606.ENSP00000376544	9606.ENSP00000440066	0	0	0	0	0.270	0	0.540	0	0.649
CD79B	LOC102723407	9606.ENSP00000376544	9606.ENSP00000478289	0	0	0	0	0.055	0	0.540	0	0.546
CD79B	IGHD	9606.ENSP00000376544	9606.ENSP00000478893	0	0	0	0	0	0.895	0.540	0	0.949
CD79B	IGLL5	9606.ENSP00000376544	9606.ENSP00000431254	0	0	0	0	0.218	0.507	0.540	0	0.807
CFI	F9	9606.ENSP00000378131	9606.ENSP00000218099	0	0	0.196	0.648	0.129	0	0.540	0	0.649
CFI	PROC	9606.ENSP00000378131	9606.ENSP00000234071	0	0	0.180	0.663	0.219	0	0.540	0	0.679
CFI	FCN3	9606.ENSP00000378131	9606.ENSP00000270879	0	0	0	0	0.104	0	0.540	0	0.570
CFI	FCN2	9606.ENSP00000378131	9606.ENSP00000291744	0	0	0	0	0.073	0	0.540	0	0.555
CFI	MASP1	9606.ENSP00000378131	9606.ENSP00000296280	0	0	0	0.609	0.120	0	0.540	0	0.578
CFI	COLEC10	9606.ENSP00000378131	9606.ENSP00000332723	0	0	0	0	0.080	0.046	0.540	0	0.561
CFI	FCN1	9606.ENSP00000378131	9606.ENSP00000360871	0	0	0	0	0.067	0	0.540	0	0.552
CFI	MBL2	9606.ENSP00000378131	9606.ENSP00000363079	0	0	0	0	0.160	0.046	0.540	0	0.599
CFI	F10	9606.ENSP00000378131	9606.ENSP00000364709	0	0	0.218	0.621	0.128	0	0.540	0	0.659
CFI	COLEC11	9606.ENSP00000378131	9606.ENSP00000411770	0	0	0	0	0.086	0.046	0.540	0	0.564
CFI	F11	9606.ENSP00000378131	9606.ENSP00000384957	0	0	0.199	0.626	0.155	0	0.540	0	0.661
CFI	MASP2	9606.ENSP00000378131	9606.ENSP00000383690	0	0	0.145	0.601	0.138	0	0.540	0	0.631
CFI	ENSP00000493607	9606.ENSP00000378131	9606.ENSP00000493607	0	0	0.049	0.983	0	0.900	0	0	0.900
CLU	LCAT	9606.ENSP00000315130	9606.ENSP00000264005	0	0	0	0	0.042	0	0.720	0	0.720
CLU	LDLR	9606.ENSP00000315130	9606.ENSP00000454071	0	0	0	0	0	0.091	0.540	0	0.563
CLU	SAA2-SAA4	9606.ENSP00000315130	9606.ENSP00000485552	0	0	0	0	0	0	0.540	0	0.540
CLU	PCYOX1	9606.ENSP00000315130	9606.ENSP00000387654	0	0	0	0	0.048	0.163	0.720	0	0.757
CLU	HPR	9606.ENSP00000315130	9606.ENSP00000441828	0	0	0	0	0.085	0.046	0.720	0	0.734
CLU	SEMG1	9606.ENSP00000315130	9606.ENSP00000361867	0	0	0	0	0	0.292	0.500	0	0.630
COLEC10	F9	9606.ENSP00000332723	9606.ENSP00000218099	0	0	0	0	0.174	0.046	0.540	0	0.605
COLEC10	PROC	9606.ENSP00000332723	9606.ENSP00000234071	0	0	0	0	0	0.046	0.540	0	0.542
COLEC10	FCN3	9606.ENSP00000332723	9606.ENSP00000270879	0	0	0	0	0.107	0.094	0.540	0	0.595
COLEC10	FCN2	9606.ENSP00000332723	9606.ENSP00000291744	0	0	0	0	0.107	0.094	0.540	0	0.595
COLEC10	MASP1	9606.ENSP00000332723	9606.ENSP00000296280	0	0	0	0	0.075	0.408	0.540	0	0.726
COLEC10	IGKV2D-28	9606.ENSP00000332723	9606.ENSP00000452662	0	0	0	0	0	0	0.400	0	0.400
COLEC10	IGHV3-11	9606.ENSP00000332723	9606.ENSP00000474135	0	0	0	0	0	0	0.400	0	0.400
COLEC10	IGKV1D-33	9606.ENSP00000332723	9606.ENSP00000482678	0	0	0	0	0	0.091	0.400	0	0.431
COLEC10	IGKV2D-40	9606.ENSP00000332723	9606.ENSP00000452747	0	0	0	0	0	0.091	0.400	0	0.431
COLEC10	IGKV1-33	9606.ENSP00000332723	9606.ENSP00000479032	0	0	0	0	0	0.091	0.400	0	0.431
COLEC10	F10	9606.ENSP00000332723	9606.ENSP00000364709	0	0	0	0	0.117	0.046	0.540	0	0.578
COLEC10	F11	9606.ENSP00000332723	9606.ENSP00000384957	0	0	0	0	0.140	0.046	0.540	0	0.589
COLEC10	FCN1	9606.ENSP00000332723	9606.ENSP00000360871	0	0	0	0.590	0.047	0.094	0.540	0	0.568
COLEC10	MBL2	9606.ENSP00000332723	9606.ENSP00000363079	0	0	0	0.741	0.143	0	0.540	0	0.589
COLEC10	MASP2	9606.ENSP00000332723	9606.ENSP00000383690	0	0	0	0	0.076	0.408	0.540	0	0.726
COLEC10	COLEC11	9606.ENSP00000332723	9606.ENSP00000411770	0	0	0.072	0.935	0.124	0.422	0.900	0	0.946
COLEC11	F9	9606.ENSP00000411770	9606.ENSP00000218099	0	0	0	0	0.081	0.046	0.540	0	0.561
COLEC11	PROC	9606.ENSP00000411770	9606.ENSP00000234071	0	0	0	0	0.072	0.046	0.540	0	0.557
COLEC11	FCN3	9606.ENSP00000411770	9606.ENSP00000270879	0	0	0	0	0.171	0.094	0.540	0	0.624
COLEC11	FCN2	9606.ENSP00000411770	9606.ENSP00000291744	0	0	0	0.587	0.080	0.094	0.540	0	0.583
COLEC11	MASP1	9606.ENSP00000411770	9606.ENSP00000296280	0	0	0	0	0.062	0.595	0.800	0	0.917
COLEC11	FCN1	9606.ENSP00000411770	9606.ENSP00000360871	0	0	0	0.593	0.047	0.094	0.540	0	0.568
COLEC11	MBL2	9606.ENSP00000411770	9606.ENSP00000363079	0	0	0	0.736	0.082	0	0.540	0	0.559
COLEC11	F10	9606.ENSP00000411770	9606.ENSP00000364709	0	0	0	0	0.111	0.046	0.540	0	0.575
COLEC11	MASP2	9606.ENSP00000411770	9606.ENSP00000383690	0	0	0	0	0.056	0.408	0.540	0	0.720
COLEC11	F11	9606.ENSP00000411770	9606.ENSP00000384957	0	0	0	0	0.123	0.046	0.540	0	0.581
COLEC11	IGKV2D-28	9606.ENSP00000411770	9606.ENSP00000452662	0	0	0	0	0	0	0.400	0	0.400
COLEC11	IGHV3-11	9606.ENSP00000411770	9606.ENSP00000474135	0	0	0	0	0	0	0.400	0	0.400
COLEC11	IGKV2D-40	9606.ENSP00000411770	9606.ENSP00000452747	0	0	0	0	0	0.091	0.400	0	0.431
COLEC11	IGKV1D-33	9606.ENSP00000411770	9606.ENSP00000482678	0	0	0	0	0	0.091	0.400	0	0.431
COLEC11	IGKV1-33	9606.ENSP00000411770	9606.ENSP00000479032	0	0	0	0	0	0.091	0.400	0	0.431
ENSP00000488802	LIME1	9606.ENSP00000488802	9606.ENSP00000309521	0	0	0	0.760	0	0	0.540	0	0.540
ENSP00000488802	IGLL1	9606.ENSP00000488802	9606.ENSP00000329312	0	0	0	0	0	0	0.540	0	0.540
ENSP00000488802	IGLL5	9606.ENSP00000488802	9606.ENSP00000431254	0	0	0	0	0	0	0.540	0	0.540
ENSP00000488802	JCHAIN	9606.ENSP00000488802	9606.ENSP00000440066	0	0	0	0	0	0	0.540	0	0.540
ENSP00000488802	IGKV2D-28	9606.ENSP00000488802	9606.ENSP00000452662	0	0	0	0	0	0	0.540	0	0.540
ENSP00000488802	IGKV2D-40	9606.ENSP00000488802	9606.ENSP00000452747	0	0	0	0	0	0	0.540	0	0.540
ENSP00000488802	IGHV3-11	9606.ENSP00000488802	9606.ENSP00000474135	0	0	0	0	0	0	0.540	0	0.540
ENSP00000488802	V9GYV3_HUMAN	9606.ENSP00000488802	9606.ENSP00000477118	0	0	0	0	0	0	0.540	0	0.540
ENSP00000488802	LOC102723407	9606.ENSP00000488802	9606.ENSP00000478289	0	0	0	0	0	0	0.540	0	0.540
ENSP00000488802	IGHV3-16	9606.ENSP00000488802	9606.ENSP00000478725	0	0	0	0	0	0	0.540	0	0.540
ENSP00000488802	IGHD	9606.ENSP00000488802	9606.ENSP00000478893	0	0	0	0	0	0	0.540	0	0.540
ENSP00000488802	IGKV1-33	9606.ENSP00000488802	9606.ENSP00000479032	0	0	0	0	0	0	0.540	0	0.540
ENSP00000488802	IGHV1-3	9606.ENSP00000488802	9606.ENSP00000479119	0	0	0	0	0	0	0.540	0	0.540
ENSP00000488802	IGHV3-15	9606.ENSP00000488802	9606.ENSP00000479675	0	0	0	0	0	0	0.540	0	0.540
ENSP00000488802	IGHV3-72	9606.ENSP00000488802	9606.ENSP00000480035	0	0	0	0	0	0	0.540	0	0.540
ENSP00000488802	IGHV3-43D	9606.ENSP00000488802	9606.ENSP00000481152	0	0	0	0	0	0	0.540	0	0.540
ENSP00000488802	IGKV1D-33	9606.ENSP00000488802	9606.ENSP00000482678	0	0	0	0	0	0	0.540	0	0.540
ENSP00000488802	IGKV2D-29	9606.ENSP00000488802	9606.ENSP00000483567	0	0	0	0	0	0	0.540	0	0.540
ENSP00000488802	IGKV2-40	9606.ENSP00000488802	9606.ENSP00000483585	0	0	0	0	0	0	0.540	0	0.540
ENSP00000488802	IGLV10-54	9606.ENSP00000488802	9606.ENSP00000491969	0	0	0	0	0	0	0.540	0	0.540
F10	F9	9606.ENSP00000364709	9606.ENSP00000218099	0	0	0.082	0.915	0.143	0	0.900	0	0.914
F10	PROC	9606.ENSP00000364709	9606.ENSP00000234071	0	0	0.102	0.872	0.229	0.091	0.540	0	0.671
F10	SERPINA10	9606.ENSP00000364709	9606.ENSP00000261994	0	0	0	0	0.152	0.424	0	0	0.491
F10	FCN3	9606.ENSP00000364709	9606.ENSP00000270879	0	0	0	0	0.064	0	0.540	0	0.551
F10	FCN2	9606.ENSP00000364709	9606.ENSP00000291744	0	0	0	0	0.096	0	0.540	0	0.566
F10	MASP1	9606.ENSP00000364709	9606.ENSP00000296280	0	0	0	0.652	0.152	0	0.540	0	0.593
F10	FCN1	9606.ENSP00000364709	9606.ENSP00000360871	0	0	0	0	0.084	0	0.540	0	0.560
F10	MBL2	9606.ENSP00000364709	9606.ENSP00000363079	0	0	0	0	0.142	0.046	0.540	0	0.590
F10	PROS1	9606.ENSP00000364709	9606.ENSP00000377783	0	0	0	0.624	0.074	0	0.400	0	0.421
F10	MASP2	9606.ENSP00000364709	9606.ENSP00000383690	0	0	0.141	0.662	0.142	0	0.540	0	0.631
F10	F11	9606.ENSP00000364709	9606.ENSP00000384957	0	0	0.184	0.656	0.146	0.071	0.540	0	0.662
F11	F9	9606.ENSP00000384957	9606.ENSP00000218099	0	0	0.181	0.692	0.203	0.071	0.900	0	0.931
F11	PROC	9606.ENSP00000384957	9606.ENSP00000234071	0	0	0.174	0.689	0.202	0.071	0.540	0	0.680
F11	FCN3	9606.ENSP00000384957	9606.ENSP00000270879	0	0	0	0	0.097	0	0.540	0	0.566
F11	FCN2	9606.ENSP00000384957	9606.ENSP00000291744	0	0	0	0	0.081	0	0.540	0	0.559
F11	MASP1	9606.ENSP00000384957	9606.ENSP00000296280	0	0	0.118	0.599	0.105	0	0.540	0	0.605
F11	FCN1	9606.ENSP00000384957	9606.ENSP00000360871	0	0	0	0	0	0	0.540	0	0.540
F11	MBL2	9606.ENSP00000384957	9606.ENSP00000363079	0	0	0	0	0.204	0.046	0.540	0	0.620
F11	MASP2	9606.ENSP00000384957	9606.ENSP00000383690	0	0	0.117	0.599	0.170	0	0.540	0	0.633
F11	IGKV1D-33	9606.ENSP00000384957	9606.ENSP00000482678	0	0	0	0	0	0.911	0	0	0.911
F11	IGKV1-33	9606.ENSP00000384957	9606.ENSP00000479032	0	0	0	0	0	0.911	0	0	0.911
F11	IGHV3-43D	9606.ENSP00000384957	9606.ENSP00000481152	0	0	0	0	0	0.913	0	0	0.913
F9	FCN1	9606.ENSP00000218099	9606.ENSP00000360871	0	0	0	0	0.044	0	0.540	0	0.541
F9	MASP1	9606.ENSP00000218099	9606.ENSP00000296280	0	0	0	0.704	0.094	0	0.540	0	0.565
F9	PROS1	9606.ENSP00000218099	9606.ENSP00000377783	0	0	0	0.612	0.054	0	0.500	0	0.507
F9	FCN3	9606.ENSP00000218099	9606.ENSP00000270879	0	0	0	0	0.087	0	0.540	0	0.562
F9	FCN2	9606.ENSP00000218099	9606.ENSP00000291744	0	0	0	0	0.217	0	0.540	0	0.624
F9	MASP2	9606.ENSP00000218099	9606.ENSP00000383690	0	0	0.130	0.683	0.236	0	0.540	0	0.667
F9	PROC	9606.ENSP00000218099	9606.ENSP00000234071	0	0	0.112	0.848	0.228	0.091	0.540	0	0.675
F9	MBL2	9606.ENSP00000218099	9606.ENSP00000363079	0	0	0	0	0.365	0.046	0.540	0	0.697
F9	IGHV3-43D	9606.ENSP00000218099	9606.ENSP00000481152	0	0	0	0	0	0.913	0	0	0.913
F9	IGLL5	9606.ENSP00000218099	9606.ENSP00000431254	0	0	0	0	0	0.967	0	0	0.967
FCN1	PROC	9606.ENSP00000360871	9606.ENSP00000234071	0	0	0	0	0	0	0.540	0	0.540
FCN1	FCN3	9606.ENSP00000360871	9606.ENSP00000270879	0	0	0.067	0.926	0.054	0	0.720	0	0.731
FCN1	FCN2	9606.ENSP00000360871	9606.ENSP00000291744	0	0	0.052	0.977	0.086	0.585	0.720	0	0.885
FCN1	MASP1	9606.ENSP00000360871	9606.ENSP00000296280	0	0	0	0	0	0.292	0.720	0	0.793
FCN1	IGKV1-33	9606.ENSP00000360871	9606.ENSP00000479032	0	0	0	0	0	0	0.400	0	0.400
FCN1	IGKV2D-28	9606.ENSP00000360871	9606.ENSP00000452662	0	0	0	0	0	0	0.400	0	0.400
FCN1	IGKV1D-33	9606.ENSP00000360871	9606.ENSP00000482678	0	0	0	0	0	0	0.400	0	0.400
FCN1	IGHV3-11	9606.ENSP00000360871	9606.ENSP00000474135	0	0	0	0	0	0.091	0.400	0	0.431
FCN1	IGKV2D-40	9606.ENSP00000360871	9606.ENSP00000452747	0	0	0	0	0	0	0.400	0	0.400
FCN1	MBL2	9606.ENSP00000360871	9606.ENSP00000363079	0	0	0	0.604	0.042	0.094	0.540	0	0.565
FCN1	MASP2	9606.ENSP00000360871	9606.ENSP00000383690	0	0	0	0	0	0.292	0.720	0	0.793
FCN2	PROC	9606.ENSP00000291744	9606.ENSP00000234071	0	0	0	0	0.049	0	0.540	0	0.543
FCN2	FCN3	9606.ENSP00000291744	9606.ENSP00000270879	0	0	0.069	0.932	0.152	0.510	0.720	0	0.877
FCN2	IGKV1-33	9606.ENSP00000291744	9606.ENSP00000479032	0	0	0	0	0	0	0.400	0	0.400
FCN2	IGKV2D-28	9606.ENSP00000291744	9606.ENSP00000452662	0	0	0	0	0	0	0.400	0	0.400
FCN2	IGKV1D-33	9606.ENSP00000291744	9606.ENSP00000482678	0	0	0	0	0	0	0.400	0	0.400
FCN2	IGKV2D-40	9606.ENSP00000291744	9606.ENSP00000452747	0	0	0	0	0	0	0.400	0	0.400
FCN2	IGHV3-11	9606.ENSP00000291744	9606.ENSP00000474135	0	0	0	0	0	0.091	0.400	0	0.431
FCN2	MBL2	9606.ENSP00000291744	9606.ENSP00000363079	0	0	0	0	0.107	0.331	0.540	0	0.701
FCN2	MASP1	9606.ENSP00000291744	9606.ENSP00000296280	0	0	0	0	0.072	0.794	0.720	0	0.941
FCN2	MASP2	9606.ENSP00000291744	9606.ENSP00000383690	0	0	0	0	0.118	0.783	0.720	0	0.941
FCN3	PROC	9606.ENSP00000270879	9606.ENSP00000234071	0	0	0	0	0	0	0.540	0	0.540
FCN3	IGKV1-33	9606.ENSP00000270879	9606.ENSP00000479032	0	0	0	0	0	0	0.400	0	0.400
FCN3	IGKV2D-40	9606.ENSP00000270879	9606.ENSP00000452747	0	0	0	0	0	0	0.400	0	0.400
FCN3	IGKV1D-33	9606.ENSP00000270879	9606.ENSP00000482678	0	0	0	0	0	0	0.400	0	0.400
FCN3	IGHV3-11	9606.ENSP00000270879	9606.ENSP00000474135	0	0	0	0	0	0.091	0.400	0	0.431
FCN3	IGKV2D-28	9606.ENSP00000270879	9606.ENSP00000452662	0	0	0	0	0	0	0.400	0	0.400
FCN3	MBL2	9606.ENSP00000270879	9606.ENSP00000363079	0	0	0	0	0.064	0.326	0.540	0	0.684
FCN3	MASP2	9606.ENSP00000270879	9606.ENSP00000383690	0	0	0	0	0.075	0.405	0.720	0	0.832
FCN3	MASP1	9606.ENSP00000270879	9606.ENSP00000296280	0	0	0	0	0.056	0.812	0.720	0	0.945
HMSD	SERPINF1	9606.ENSP00000386207	9606.ENSP00000254722	0	0	0.469	0	0	0.058	0	0	0.478
HMSD	SERPINA10	9606.ENSP00000386207	9606.ENSP00000261994	0	0	0.446	0	0	0.056	0	0	0.454
HPR	LCAT	9606.ENSP00000441828	9606.ENSP00000264005	0	0	0	0	0.044	0	0.720	0	0.720
HPR	PCYOX1	9606.ENSP00000441828	9606.ENSP00000387654	0	0	0	0	0	0	0.720	0	0.720
HPR	SAA2-SAA4	9606.ENSP00000441828	9606.ENSP00000485552	0	0	0	0	0	0	0.540	0	0.540
HPR	LDLR	9606.ENSP00000441828	9606.ENSP00000454071	0	0	0	0	0	0	0.540	0	0.540
IGHD	LIME1	9606.ENSP00000478893	9606.ENSP00000309521	0	0	0	0	0	0	0.540	0	0.540
IGHD	IGLL1	9606.ENSP00000478893	9606.ENSP00000329312	0	0	0	0	0.055	0.291	0.540	0	0.664
IGHD	IGLL5	9606.ENSP00000478893	9606.ENSP00000431254	0	0	0	0	0.067	0.926	0.540	0	0.965
IGHD	JCHAIN	9606.ENSP00000478893	9606.ENSP00000440066	0	0	0	0	0.115	0.292	0.540	0	0.686
IGHD	IGKV2D-28	9606.ENSP00000478893	9606.ENSP00000452662	0	0	0	0	0	0	0.540	0	0.540
IGHD	IGKV2D-40	9606.ENSP00000478893	9606.ENSP00000452747	0	0	0	0	0.067	0.291	0.540	0	0.669
IGHD	IGHV3-11	9606.ENSP00000478893	9606.ENSP00000474135	0	0	0	0	0.086	0.266	0.800	0	0.854
IGHD	V9GYV3_HUMAN	9606.ENSP00000478893	9606.ENSP00000477118	0	0	0	0	0	0	0.540	0	0.540
IGHD	LOC102723407	9606.ENSP00000478893	9606.ENSP00000478289	0	0	0	0	0.067	0.266	0.540	0	0.657
IGHD	IGHV3-16	9606.ENSP00000478893	9606.ENSP00000478725	0	0	0	0	0	0	0.540	0	0.540
IGHD	IGHV3-72	9606.ENSP00000478893	9606.ENSP00000480035	0	0	0	0	0	0	0.540	0	0.540
IGHD	IGHV3-43D	9606.ENSP00000478893	9606.ENSP00000481152	0	0	0	0	0.058	0.266	0.540	0	0.654
IGHD	IGKV1D-33	9606.ENSP00000478893	9606.ENSP00000482678	0	0	0	0	0.055	0.291	0.540	0	0.664
IGHD	IGKV1-33	9606.ENSP00000478893	9606.ENSP00000479032	0	0	0	0	0.055	0.291	0.540	0	0.664
IGHD	IGKV2D-29	9606.ENSP00000478893	9606.ENSP00000483567	0	0	0	0	0.067	0.291	0.540	0	0.669
IGHD	IGLV10-54	9606.ENSP00000478893	9606.ENSP00000491969	0	0	0	0	0.067	0.291	0.540	0	0.669
IGHD	IGKV2-40	9606.ENSP00000478893	9606.ENSP00000483585	0	0	0	0	0.067	0.291	0.540	0	0.669
IGHD	IGHV3-15	9606.ENSP00000478893	9606.ENSP00000479675	0	0	0	0	0.086	0.266	0.540	0	0.664
IGHD	IGHV1-3	9606.ENSP00000478893	9606.ENSP00000479119	0	0	0.202	0	0.086	0.266	0.540	0	0.720
IGHV1-3	LIME1	9606.ENSP00000479119	9606.ENSP00000309521	0	0	0	0	0	0	0.540	0	0.540
IGHV1-3	IGLL1	9606.ENSP00000479119	9606.ENSP00000329312	0	0	0	0	0.060	0.383	0.540	0	0.709
IGHV1-3	IGLL5	9606.ENSP00000479119	9606.ENSP00000431254	0	0	0	0	0.074	0.841	0.540	0	0.926
IGHV1-3	JCHAIN	9606.ENSP00000479119	9606.ENSP00000440066	0	0	0	0	0.142	0.439	0.540	0	0.759
IGHV1-3	IGKV2D-28	9606.ENSP00000479119	9606.ENSP00000452662	0	0	0.262	0	0	0	0.540	0	0.646
IGHV1-3	IGKV2D-40	9606.ENSP00000479119	9606.ENSP00000452747	0	0	0.281	0	0.074	0.453	0.540	0	0.810
IGHV1-3	IGHV3-11	9606.ENSP00000479119	9606.ENSP00000474135	0	0	0.086	0.903	0	0	0.540	0	0.561
IGHV1-3	V9GYV3_HUMAN	9606.ENSP00000479119	9606.ENSP00000477118	0	0	0	0	0	0	0.540	0	0.540
IGHV1-3	LOC102723407	9606.ENSP00000479119	9606.ENSP00000478289	0	0	0.103	0.843	0	0	0.540	0	0.569
IGHV1-3	IGHV3-16	9606.ENSP00000479119	9606.ENSP00000478725	0	0	0.085	0.907	0	0	0.540	0	0.561
IGHV1-3	IGKV1-33	9606.ENSP00000479119	9606.ENSP00000479032	0	0	0	0	0.056	0.305	0.540	0	0.671
IGHV1-3	IGHV3-43D	9606.ENSP00000479119	9606.ENSP00000481152	0	0	0.081	0.917	0	0	0.540	0	0.559
IGHV1-3	IGHV3-72	9606.ENSP00000479119	9606.ENSP00000480035	0	0	0.094	0.888	0	0	0.540	0	0.565
IGHV1-3	IGHV3-15	9606.ENSP00000479119	9606.ENSP00000479675	0	0	0.097	0.882	0.074	0	0.540	0	0.581
IGHV1-3	IGKV1D-33	9606.ENSP00000479119	9606.ENSP00000482678	0	0	0	0	0.056	0.305	0.540	0	0.671
IGHV1-3	IGKV2D-29	9606.ENSP00000479119	9606.ENSP00000483567	0	0	0.235	0	0.074	0.453	0.540	0	0.797
IGHV1-3	IGKV2-40	9606.ENSP00000479119	9606.ENSP00000483585	0	0	0.281	0	0.074	0.453	0.540	0	0.810
IGHV1-3	IGLV10-54	9606.ENSP00000479119	9606.ENSP00000491969	0	0	0	0	0.074	0.959	0.540	0	0.981
IGHV3-11	MASP1	9606.ENSP00000474135	9606.ENSP00000296280	0	0	0	0	0	0.178	0.400	0	0.485
IGHV3-11	LIME1	9606.ENSP00000474135	9606.ENSP00000309521	0	0	0	0	0	0	0.540	0	0.540
IGHV3-11	IGLL1	9606.ENSP00000474135	9606.ENSP00000329312	0	0	0	0	0.060	0.383	0.540	0	0.709
IGHV3-11	MBL2	9606.ENSP00000474135	9606.ENSP00000363079	0	0	0	0	0.055	0	0.400	0	0.408
IGHV3-11	MASP2	9606.ENSP00000474135	9606.ENSP00000383690	0	0	0	0	0	0.178	0.400	0	0.485
IGHV3-11	IGLL5	9606.ENSP00000474135	9606.ENSP00000431254	0	0	0	0	0.074	0.453	0.540	0	0.746
IGHV3-11	JCHAIN	9606.ENSP00000474135	9606.ENSP00000440066	0	0	0	0	0.142	0.439	0.540	0	0.759
IGHV3-11	IGKV2D-28	9606.ENSP00000474135	9606.ENSP00000452662	0	0	0.211	0	0	0	0.540	0	0.621
IGHV3-11	IGKV2D-40	9606.ENSP00000474135	9606.ENSP00000452747	0	0	0.217	0	0.074	0.453	0.540	0	0.793
IGHV3-11	V9GYV3_HUMAN	9606.ENSP00000474135	9606.ENSP00000477118	0	0	0	0	0	0	0.540	0	0.540
IGHV3-11	IGHV3-16	9606.ENSP00000474135	9606.ENSP00000478725	0	0	0.050	0.981	0	0	0.540	0	0.544
IGHV3-11	IGHV3-43D	9606.ENSP00000474135	9606.ENSP00000481152	0	0	0.055	0.971	0	0	0.540	0	0.546
IGHV3-11	IGHV3-72	9606.ENSP00000474135	9606.ENSP00000480035	0	0	0.057	0.967	0	0	0.540	0	0.547
IGHV3-11	IGHV3-15	9606.ENSP00000474135	9606.ENSP00000479675	0	0	0.058	0.964	0	0	0.540	0	0.548
IGHV3-11	LOC102723407	9606.ENSP00000474135	9606.ENSP00000478289	0	0	0.087	0.899	0	0	0.540	0	0.562
IGHV3-11	IGKV1D-33	9606.ENSP00000474135	9606.ENSP00000482678	0	0	0	0	0.056	0.305	0.540	0	0.671
IGHV3-11	IGLV10-54	9606.ENSP00000474135	9606.ENSP00000491969	0	0	0	0	0.074	0.453	0.540	0	0.746
IGHV3-11	IGKV1-33	9606.ENSP00000474135	9606.ENSP00000479032	0	0	0	0	0.056	0.305	0.540	0	0.671
IGHV3-11	IGKV2D-29	9606.ENSP00000474135	9606.ENSP00000483567	0	0	0	0	0.074	0.453	0.540	0	0.746
IGHV3-11	IGKV2-40	9606.ENSP00000474135	9606.ENSP00000483585	0	0	0.217	0	0.074	0.453	0.540	0	0.793
IGHV3-15	LIME1	9606.ENSP00000479675	9606.ENSP00000309521	0	0	0	0	0	0	0.540	0	0.540
IGHV3-15	IGLL1	9606.ENSP00000479675	9606.ENSP00000329312	0	0	0	0	0.060	0.383	0.540	0	0.709
IGHV3-15	IGLL5	9606.ENSP00000479675	9606.ENSP00000431254	0	0	0	0	0.074	0.988	0.540	0	0.994
IGHV3-15	JCHAIN	9606.ENSP00000479675	9606.ENSP00000440066	0	0	0	0	0.142	0.439	0.540	0	0.759
IGHV3-15	IGKV2D-28	9606.ENSP00000479675	9606.ENSP00000452662	0	0	0.200	0	0	0	0.540	0	0.616
IGHV3-15	IGKV2D-40	9606.ENSP00000479675	9606.ENSP00000452747	0	0	0.205	0	0.074	0.453	0.540	0	0.789
IGHV3-15	V9GYV3_HUMAN	9606.ENSP00000479675	9606.ENSP00000477118	0	0	0	0	0	0	0.540	0	0.540
IGHV3-15	LOC102723407	9606.ENSP00000479675	9606.ENSP00000478289	0	0	0.091	0.889	0	0	0.540	0	0.563
IGHV3-15	IGHV3-16	9606.ENSP00000479675	9606.ENSP00000478725	0	0	0.055	0.970	0	0	0.540	0	0.546
IGHV3-15	IGKV1-33	9606.ENSP00000479675	9606.ENSP00000479032	0	0	0	0	0.056	0.305	0.540	0	0.671
IGHV3-15	IGHV3-72	9606.ENSP00000479675	9606.ENSP00000480035	0	0	0.053	0.975	0	0	0.540	0	0.545
IGHV3-15	IGKV1D-33	9606.ENSP00000479675	9606.ENSP00000482678	0	0	0	0	0.056	0.305	0.540	0	0.671
IGHV3-15	IGKV2-40	9606.ENSP00000479675	9606.ENSP00000483585	0	0	0.205	0	0.074	0.453	0.540	0	0.789
IGHV3-15	IGKV2D-29	9606.ENSP00000479675	9606.ENSP00000483567	0	0	0	0	0.074	0.453	0.540	0	0.746
IGHV3-15	IGHV3-43D	9606.ENSP00000479675	9606.ENSP00000481152	0	0	0.058	0.964	0	0.900	0.540	0	0.952
IGHV3-15	IGLV10-54	9606.ENSP00000479675	9606.ENSP00000491969	0	0	0	0	0.074	0.917	0.540	0	0.961
IGHV3-16	LIME1	9606.ENSP00000478725	9606.ENSP00000309521	0	0	0	0	0	0	0.540	0	0.540
IGHV3-16	IGLL1	9606.ENSP00000478725	9606.ENSP00000329312	0	0	0	0	0	0	0.540	0	0.540
IGHV3-16	IGLL5	9606.ENSP00000478725	9606.ENSP00000431254	0	0	0	0	0	0.900	0.540	0	0.952
IGHV3-16	JCHAIN	9606.ENSP00000478725	9606.ENSP00000440066	0	0	0	0	0	0	0.540	0	0.540
IGHV3-16	IGKV2D-28	9606.ENSP00000478725	9606.ENSP00000452662	0	0	0	0	0	0.900	0.540	0	0.952
IGHV3-16	IGKV2D-40	9606.ENSP00000478725	9606.ENSP00000452747	0	0	0	0	0	0	0.540	0	0.540
IGHV3-16	IGHV3OR16-9	9606.ENSP00000478725	9606.ENSP00000475107	0	0	0.049	0.983	0	0.900	0	0	0.900
IGHV3-16	V9GYV3_HUMAN	9606.ENSP00000478725	9606.ENSP00000477118	0	0	0	0	0	0	0.540	0	0.540
IGHV3-16	LOC102723407	9606.ENSP00000478725	9606.ENSP00000478289	0	0	0.074	0.927	0	0	0.540	0	0.555
IGHV3-16	IGLV10-54	9606.ENSP00000478725	9606.ENSP00000491969	0	0	0	0	0	0	0.540	0	0.540
IGHV3-16	IGKV2-40	9606.ENSP00000478725	9606.ENSP00000483585	0	0	0	0	0	0	0.540	0	0.540
IGHV3-16	IGHV3-72	9606.ENSP00000478725	9606.ENSP00000480035	0	0	0.053	0.974	0	0	0.540	0	0.545
IGHV3-16	IGKV1-33	9606.ENSP00000478725	9606.ENSP00000479032	0	0	0	0	0	0.900	0.540	0	0.952
IGHV3-16	IGKV1D-33	9606.ENSP00000478725	9606.ENSP00000482678	0	0	0	0	0	0.900	0.540	0	0.952
IGHV3-16	IGHV3-43D	9606.ENSP00000478725	9606.ENSP00000481152	0	0	0.053	0.975	0	0.900	0.540	0	0.952
IGHV3-16	IGKV2D-29	9606.ENSP00000478725	9606.ENSP00000483567	0	0	0	0	0	0.900	0.540	0	0.952
IGHV3-43D	PROC	9606.ENSP00000481152	9606.ENSP00000234071	0	0	0	0	0	0.913	0	0	0.913
IGHV3-43D	LCAT	9606.ENSP00000481152	9606.ENSP00000264005	0	0	0	0	0.055	0.900	0	0	0.901
IGHV3-43D	LIME1	9606.ENSP00000481152	9606.ENSP00000309521	0	0	0	0	0	0	0.540	0	0.540
IGHV3-43D	IGLL1	9606.ENSP00000481152	9606.ENSP00000329312	0	0	0	0	0.056	0.305	0.540	0	0.671
IGHV3-43D	IGLL5	9606.ENSP00000481152	9606.ENSP00000431254	0	0	0	0	0.056	0.927	0.540	0	0.965
IGHV3-43D	JCHAIN	9606.ENSP00000481152	9606.ENSP00000440066	0	0	0	0	0.110	0.336	0.540	0	0.704
IGHV3-43D	IGKV2D-28	9606.ENSP00000481152	9606.ENSP00000452662	0	0	0.230	0	0	0.900	0.540	0	0.961
IGHV3-43D	IGKV2D-40	9606.ENSP00000481152	9606.ENSP00000452747	0	0	0.224	0	0.056	0.305	0.540	0	0.734
IGHV3-43D	V9GYV3_HUMAN	9606.ENSP00000481152	9606.ENSP00000477118	0	0	0	0	0	0	0.540	0	0.540
IGHV3-43D	LOC102723407	9606.ENSP00000481152	9606.ENSP00000478289	0	0	0.076	0.922	0	0.900	0.540	0	0.953
IGHV3-43D	IGKV1-33	9606.ENSP00000481152	9606.ENSP00000479032	0	0	0	0	0.056	0.927	0.540	0	0.965
IGHV3-43D	IGHV3-72	9606.ENSP00000481152	9606.ENSP00000480035	0	0	0.056	0.969	0	0	0.540	0	0.547
IGHV3-43D	IGLV10-54	9606.ENSP00000481152	9606.ENSP00000491969	0	0	0	0	0.056	0.305	0.540	0	0.671
IGHV3-43D	IGKV2-40	9606.ENSP00000481152	9606.ENSP00000483585	0	0	0.224	0	0.056	0.305	0.540	0	0.734
IGHV3-43D	IGKV1D-33	9606.ENSP00000481152	9606.ENSP00000482678	0	0	0	0	0.056	0.927	0.540	0	0.965
IGHV3-43D	IGKV2D-29	9606.ENSP00000481152	9606.ENSP00000483567	0	0	0.219	0	0.056	0.927	0.540	0	0.972
IGHV3-72	PROC	9606.ENSP00000480035	9606.ENSP00000234071	0	0	0	0	0	0.900	0	0	0.900
IGHV3-72	LIME1	9606.ENSP00000480035	9606.ENSP00000309521	0	0	0	0	0	0	0.540	0	0.540
IGHV3-72	IGLL1	9606.ENSP00000480035	9606.ENSP00000329312	0	0	0	0	0	0	0.540	0	0.540
IGHV3-72	IGLL5	9606.ENSP00000480035	9606.ENSP00000431254	0	0	0	0	0	0.900	0.540	0	0.952
IGHV3-72	JCHAIN	9606.ENSP00000480035	9606.ENSP00000440066	0	0	0	0	0	0	0.540	0	0.540
IGHV3-72	IGKV2D-28	9606.ENSP00000480035	9606.ENSP00000452662	0	0	0	0	0	0.900	0.540	0	0.952
IGHV3-72	IGKV2D-40	9606.ENSP00000480035	9606.ENSP00000452747	0	0	0	0	0	0	0.540	0	0.540
IGHV3-72	V9GYV3_HUMAN	9606.ENSP00000480035	9606.ENSP00000477118	0	0	0	0	0	0	0.540	0	0.540
IGHV3-72	LOC102723407	9606.ENSP00000480035	9606.ENSP00000478289	0	0	0.074	0.925	0	0	0.540	0	0.555
IGHV3-72	IGKV1-33	9606.ENSP00000480035	9606.ENSP00000479032	0	0	0	0	0	0	0.540	0	0.540
IGHV3-72	IGKV2-40	9606.ENSP00000480035	9606.ENSP00000483585	0	0	0	0	0	0	0.540	0	0.540
IGHV3-72	IGKV1D-33	9606.ENSP00000480035	9606.ENSP00000482678	0	0	0	0	0	0	0.540	0	0.540
IGHV3-72	IGLV10-54	9606.ENSP00000480035	9606.ENSP00000491969	0	0	0	0	0	0	0.540	0	0.540
IGHV3-72	IGKV2D-29	9606.ENSP00000480035	9606.ENSP00000483567	0	0	0	0	0	0.900	0.540	0	0.952
IGHV3OR16-9	IGLL5	9606.ENSP00000475107	9606.ENSP00000431254	0	0	0	0	0	0.900	0	0	0.900
IGKV1-33	MASP1	9606.ENSP00000479032	9606.ENSP00000296280	0	0	0	0	0	0.154	0.400	0	0.470
IGKV1-33	LIME1	9606.ENSP00000479032	9606.ENSP00000309521	0	0	0	0	0	0	0.540	0	0.540
IGKV1-33	IGLL1	9606.ENSP00000479032	9606.ENSP00000329312	0	0	0.225	0	0	0	0.540	0	0.628
IGKV1-33	MBL2	9606.ENSP00000479032	9606.ENSP00000363079	0	0	0	0	0	0.091	0.400	0	0.431
IGKV1-33	MASP2	9606.ENSP00000479032	9606.ENSP00000383690	0	0	0	0	0	0.154	0.400	0	0.470
IGKV1-33	IGLL5	9606.ENSP00000479032	9606.ENSP00000431254	0	0	0.219	0	0	0	0.540	0	0.625
IGKV1-33	JCHAIN	9606.ENSP00000479032	9606.ENSP00000440066	0	0	0	0	0.061	0.115	0.540	0	0.584
IGKV1-33	IGKV2D-28	9606.ENSP00000479032	9606.ENSP00000452662	0	0	0.070	0.939	0	0	0.540	0	0.553
IGKV1-33	IGKV2D-40	9606.ENSP00000479032	9606.ENSP00000452747	0	0	0.075	0.928	0	0	0.540	0	0.556
IGKV1-33	V9GYV3_HUMAN	9606.ENSP00000479032	9606.ENSP00000477118	0	0	0	0	0	0	0.540	0	0.540
IGKV1-33	LOC102723407	9606.ENSP00000479032	9606.ENSP00000478289	0	0	0.223	0	0.056	0.927	0.540	0	0.972
IGKV1-33	IGKV2-40	9606.ENSP00000479032	9606.ENSP00000483585	0	0	0.075	0.928	0	0	0.540	0	0.556
IGKV1-33	IGLV10-54	9606.ENSP00000479032	9606.ENSP00000491969	0	0	0.133	0.796	0	0	0.540	0	0.584
IGKV1-33	IGKV2D-29	9606.ENSP00000479032	9606.ENSP00000483567	0	0	0.071	0.939	0	0.800	0.540	0	0.907
IGKV1-33	IGKV1D-33	9606.ENSP00000479032	9606.ENSP00000482678	0	0	0.048	0.984	0	0.900	0.540	0	0.952
IGKV1D-33	MASP1	9606.ENSP00000482678	9606.ENSP00000296280	0	0	0	0	0	0.154	0.400	0	0.470
IGKV1D-33	LIME1	9606.ENSP00000482678	9606.ENSP00000309521	0	0	0	0	0	0	0.540	0	0.540
IGKV1D-33	IGLL1	9606.ENSP00000482678	9606.ENSP00000329312	0	0	0.225	0	0	0	0.540	0	0.628
IGKV1D-33	MBL2	9606.ENSP00000482678	9606.ENSP00000363079	0	0	0	0	0	0.091	0.400	0	0.431
IGKV1D-33	MASP2	9606.ENSP00000482678	9606.ENSP00000383690	0	0	0	0	0	0.154	0.400	0	0.470
IGKV1D-33	IGLL5	9606.ENSP00000482678	9606.ENSP00000431254	0	0	0.219	0	0	0	0.540	0	0.625
IGKV1D-33	JCHAIN	9606.ENSP00000482678	9606.ENSP00000440066	0	0	0	0	0.061	0.115	0.540	0	0.584
IGKV1D-33	IGKV2D-28	9606.ENSP00000482678	9606.ENSP00000452662	0	0	0.070	0.939	0	0	0.540	0	0.553
IGKV1D-33	IGKV2D-40	9606.ENSP00000482678	9606.ENSP00000452747	0	0	0.075	0.928	0	0	0.540	0	0.556
IGKV1D-33	V9GYV3_HUMAN	9606.ENSP00000482678	9606.ENSP00000477118	0	0	0	0	0	0	0.540	0	0.540
IGKV1D-33	LOC102723407	9606.ENSP00000482678	9606.ENSP00000478289	0	0	0.223	0	0.056	0.927	0.540	0	0.972
IGKV1D-33	IGKV2-40	9606.ENSP00000482678	9606.ENSP00000483585	0	0	0.075	0.928	0	0	0.540	0	0.556
IGKV1D-33	IGLV10-54	9606.ENSP00000482678	9606.ENSP00000491969	0	0	0.133	0.796	0	0	0.540	0	0.584
IGKV1D-33	IGKV2D-29	9606.ENSP00000482678	9606.ENSP00000483567	0	0	0.071	0.939	0	0.800	0.540	0	0.907
IGKV2-40	LIME1	9606.ENSP00000483585	9606.ENSP00000309521	0	0	0	0	0	0	0.540	0	0.540
IGKV2-40	IGLL1	9606.ENSP00000483585	9606.ENSP00000329312	0	0	0.217	0	0	0	0.540	0	0.624
IGKV2-40	IGLL5	9606.ENSP00000483585	9606.ENSP00000431254	0	0	0.206	0	0	0.624	0.540	0	0.850
IGKV2-40	JCHAIN	9606.ENSP00000483585	9606.ENSP00000440066	0	0	0	0	0.062	0.115	0.540	0	0.584
IGKV2-40	IGKV2D-28	9606.ENSP00000483585	9606.ENSP00000452662	0	0	0.052	0.976	0	0	0.540	0	0.545
IGKV2-40	IGKV2D-40	9606.ENSP00000483585	9606.ENSP00000452747	0	0	0.048	0.984	0	0.800	0.540	0	0.904
IGKV2-40	V9GYV3_HUMAN	9606.ENSP00000483585	9606.ENSP00000477118	0	0	0	0	0	0	0.540	0	0.540
IGKV2-40	LOC102723407	9606.ENSP00000483585	9606.ENSP00000478289	0	0	0.275	0	0.060	0.402	0.540	0	0.787
IGKV2-40	IGKV2D-29	9606.ENSP00000483585	9606.ENSP00000483567	0	0	0.053	0.975	0	0	0.540	0	0.545
IGKV2-40	IGLV10-54	9606.ENSP00000483585	9606.ENSP00000491969	0	0	0.317	0	0	0.474	0.540	0	0.820
IGKV2D-28	MASP1	9606.ENSP00000452662	9606.ENSP00000296280	0	0	0	0	0	0	0.400	0	0.400
IGKV2D-28	LIME1	9606.ENSP00000452662	9606.ENSP00000309521	0	0	0	0	0	0	0.540	0	0.540
IGKV2D-28	IGLL1	9606.ENSP00000452662	9606.ENSP00000329312	0	0	0.242	0	0	0	0.540	0	0.636
IGKV2D-28	MBL2	9606.ENSP00000452662	9606.ENSP00000363079	0	0	0	0	0	0	0.400	0	0.400
IGKV2D-28	MASP2	9606.ENSP00000452662	9606.ENSP00000383690	0	0	0	0	0	0	0.400	0	0.400
IGKV2D-28	IGLL5	9606.ENSP00000452662	9606.ENSP00000431254	0	0	0.232	0	0	0	0.540	0	0.631
IGKV2D-28	JCHAIN	9606.ENSP00000452662	9606.ENSP00000440066	0	0	0	0	0	0	0.540	0	0.540
IGKV2D-28	V9GYV3_HUMAN	9606.ENSP00000452662	9606.ENSP00000477118	0	0	0	0	0	0	0.540	0	0.540
IGKV2D-28	IGKV2D-40	9606.ENSP00000452662	9606.ENSP00000452747	0	0	0.052	0.976	0	0	0.540	0	0.545
IGKV2D-28	IGLV10-54	9606.ENSP00000452662	9606.ENSP00000491969	0	0	0.096	0.788	0	0	0.540	0	0.566
IGKV2D-28	LOC102723407	9606.ENSP00000452662	9606.ENSP00000478289	0	0	0.272	0	0	0	0.540	0	0.650
IGKV2D-28	IGKV2D-29	9606.ENSP00000452662	9606.ENSP00000483567	0	0	0.052	0.977	0	0.800	0.540	0	0.905
IGKV2D-29	LIME1	9606.ENSP00000483567	9606.ENSP00000309521	0	0	0	0	0	0	0.540	0	0.540
IGKV2D-29	IGLL1	9606.ENSP00000483567	9606.ENSP00000329312	0	0	0.210	0	0	0	0.540	0	0.621
IGKV2D-29	IGLL5	9606.ENSP00000483567	9606.ENSP00000431254	0	0	0.204	0	0	0.624	0.540	0	0.850
IGKV2D-29	JCHAIN	9606.ENSP00000483567	9606.ENSP00000440066	0	0	0	0	0.062	0.115	0.540	0	0.584
IGKV2D-29	IGKV2D-40	9606.ENSP00000483567	9606.ENSP00000452747	0	0	0.053	0.975	0	0	0.540	0	0.545
IGKV2D-29	V9GYV3_HUMAN	9606.ENSP00000483567	9606.ENSP00000477118	0	0	0	0	0	0	0.540	0	0.540
IGKV2D-29	LOC102723407	9606.ENSP00000483567	9606.ENSP00000478289	0	0	0.235	0	0.060	0.402	0.540	0	0.775
IGKV2D-29	IGLV10-54	9606.ENSP00000483567	9606.ENSP00000491969	0	0	0.120	0.785	0	0.474	0.540	0	0.768
IGKV2D-40	MASP1	9606.ENSP00000452747	9606.ENSP00000296280	0	0	0	0	0	0.177	0.400	0	0.485
IGKV2D-40	LIME1	9606.ENSP00000452747	9606.ENSP00000309521	0	0	0	0	0	0	0.540	0	0.540
IGKV2D-40	IGLL1	9606.ENSP00000452747	9606.ENSP00000329312	0	0	0.217	0	0	0	0.540	0	0.624
IGKV2D-40	MBL2	9606.ENSP00000452747	9606.ENSP00000363079	0	0	0	0	0	0.091	0.400	0	0.431
IGKV2D-40	MASP2	9606.ENSP00000452747	9606.ENSP00000383690	0	0	0	0	0	0.177	0.400	0	0.485
IGKV2D-40	IGLL5	9606.ENSP00000452747	9606.ENSP00000431254	0	0	0.206	0	0	0.624	0.540	0	0.850
IGKV2D-40	JCHAIN	9606.ENSP00000452747	9606.ENSP00000440066	0	0	0	0	0.062	0.115	0.540	0	0.584
IGKV2D-40	V9GYV3_HUMAN	9606.ENSP00000452747	9606.ENSP00000477118	0	0	0	0	0	0	0.540	0	0.540
IGKV2D-40	LOC102723407	9606.ENSP00000452747	9606.ENSP00000478289	0	0	0.275	0	0.060	0.402	0.540	0	0.787
IGKV2D-40	IGLV10-54	9606.ENSP00000452747	9606.ENSP00000491969	0	0	0.317	0	0	0.474	0.540	0	0.820
IGLL1	LIME1	9606.ENSP00000329312	9606.ENSP00000309521	0	0	0	0	0.056	0	0.540	0	0.547
IGLL1	V9GYV3_HUMAN	9606.ENSP00000329312	9606.ENSP00000477118	0	0	0	0	0	0	0.540	0	0.540
IGLL1	IGLV10-54	9606.ENSP00000329312	9606.ENSP00000491969	0	0	0	0	0	0	0.540	0	0.540
IGLL1	IGLL5	9606.ENSP00000329312	9606.ENSP00000431254	0	0	0.055	0.971	0.067	0.525	0.540	0	0.781
IGLL1	JCHAIN	9606.ENSP00000329312	9606.ENSP00000440066	0	0	0	0	0.347	0.115	0.540	0	0.711
IGLL1	LOC102723407	9606.ENSP00000329312	9606.ENSP00000478289	0	0	0	0	0.060	0.383	0.540	0	0.709
IGLL5	PROC	9606.ENSP00000431254	9606.ENSP00000234071	0	0	0	0	0	0.914	0	0	0.914
IGLL5	LCAT	9606.ENSP00000431254	9606.ENSP00000264005	0	0	0	0	0	0.900	0	0	0.900
IGLL5	LIME1	9606.ENSP00000431254	9606.ENSP00000309521	0	0	0	0	0	0	0.540	0	0.540
IGLL5	V9GYV3_HUMAN	9606.ENSP00000431254	9606.ENSP00000477118	0	0	0	0	0	0	0.540	0	0.540
IGLL5	IGLV10-54	9606.ENSP00000431254	9606.ENSP00000491969	0	0	0	0	0.201	0.429	0.540	0	0.771
IGLL5	JCHAIN	9606.ENSP00000431254	9606.ENSP00000440066	0	0	0	0	0.446	0.115	0.540	0	0.755
IGLL5	LOC102723407	9606.ENSP00000431254	9606.ENSP00000478289	0	0	0	0	0.060	0.937	0.540	0	0.970
IGLV10-54	LIME1	9606.ENSP00000491969	9606.ENSP00000309521	0	0	0	0	0	0	0.540	0	0.540
IGLV10-54	JCHAIN	9606.ENSP00000491969	9606.ENSP00000440066	0	0	0	0	0.189	0.115	0.540	0	0.641
IGLV10-54	V9GYV3_HUMAN	9606.ENSP00000491969	9606.ENSP00000477118	0	0	0	0	0	0	0.540	0	0.540
IGLV10-54	LOC102723407	9606.ENSP00000491969	9606.ENSP00000478289	0	0	0	0	0.060	0.402	0.540	0	0.718
JCHAIN	LIME1	9606.ENSP00000440066	9606.ENSP00000309521	0	0	0	0	0.097	0	0.540	0	0.566
JCHAIN	V9GYV3_HUMAN	9606.ENSP00000440066	9606.ENSP00000477118	0	0	0	0	0	0	0.540	0	0.540
JCHAIN	LOC102723407	9606.ENSP00000440066	9606.ENSP00000478289	0	0	0	0	0.110	0.400	0.540	0	0.732
LCAT	LDLR	9606.ENSP00000264005	9606.ENSP00000454071	0	0	0	0	0.063	0	0.540	0	0.551
LCAT	SAA2-SAA4	9606.ENSP00000264005	9606.ENSP00000485552	0	0	0	0	0.067	0	0.540	0	0.552
LCAT	PCYOX1	9606.ENSP00000264005	9606.ENSP00000387654	0	0	0	0	0.065	0	0.720	0	0.727
LCAT	LOC102723407	9606.ENSP00000264005	9606.ENSP00000478289	0	0	0	0	0.055	0.900	0	0	0.901
LDLR	PCYOX1	9606.ENSP00000454071	9606.ENSP00000387654	0	0	0	0	0.042	0	0.540	0	0.540
LDLR	SAA2-SAA4	9606.ENSP00000454071	9606.ENSP00000485552	0	0	0	0	0	0	0.540	0	0.540
LIME1	V9GYV3_HUMAN	9606.ENSP00000309521	9606.ENSP00000477118	0	0	0	0.979	0	0	0.540	0	0.540
LIME1	LOC102723407	9606.ENSP00000309521	9606.ENSP00000478289	0	0	0	0	0	0	0.540	0	0.540
LOC102723407	V9GYV3_HUMAN	9606.ENSP00000478289	9606.ENSP00000477118	0	0	0	0	0	0	0.540	0	0.540
MASP1	PROC	9606.ENSP00000296280	9606.ENSP00000234071	0	0	0	0.665	0.092	0	0.540	0	0.564
MASP1	MASP2	9606.ENSP00000296280	9606.ENSP00000383690	0	0	0.062	0.921	0.269	0.693	0.720	0	0.933
MASP1	MBL2	9606.ENSP00000296280	9606.ENSP00000363079	0	0	0	0	0.135	0.892	0.540	0	0.953
MASP2	PROC	9606.ENSP00000383690	9606.ENSP00000234071	0	0	0.108	0.660	0.223	0	0.540	0	0.653
MASP2	MBL2	9606.ENSP00000383690	9606.ENSP00000363079	0	0	0	0	0.196	0.868	0.900	0	0.988
MBL2	PROC	9606.ENSP00000363079	9606.ENSP00000234071	0	0	0	0	0.226	0.046	0.540	0	0.631
PCYOX1	SAA2-SAA4	9606.ENSP00000387654	9606.ENSP00000485552	0	0	0	0	0	0	0.540	0	0.540
PROC	PROS1	9606.ENSP00000234071	9606.ENSP00000377783	0	0	0	0.610	0	0.168	0.700	0	0.739
